1,Anette Clowser,Chennai,84477
2,Jarret Saterthwait,Mysore,47527
3,Bradley Matthensen,Trivandrum,39515
4,Lambert Donaldson,Mysore,92964
5,Val Eberlein,Trivandrum,85145
6,Jessi Kloser,Mumbai,73216
7,Amalia Adair,Vizag,97456
8,Karen Shankle,Trivandrum,30952
9,Ryan Ughini,Nagpur,64405
10,Dar Frail,Mumbai,63186
11,Reinold Castanie,Bangalore,98698
12,Mateo MacCaffery,Nagpur,95503
13,Ebeneser Scally,Mysore,30778
14,Halie Swindles,Chennai,37633
15,Keefer Maffei,Mumbai,51695
16,Tommi Bohler,Vizag,66491
17,Brigid Smithers,Chennai,29585
18,Prince Bew,Trivandrum,93065
19,Marget Agiolfinger,Trivandrum,82651
20,Jeanelle Leuchars,Pune,79826
21,Idaline Gaylor,Chennai,20703
22,Jilleen Blaxeland,Vizag,58704
23,Cortney Leward,Mumbai,23561
24,Bendick Cess,Mumbai,20163
25,Cesare Bointon,Bangalore,40369
26,Hirsch Bignal,Mumbai,47383
27,Dale Temlett,Chennai,28495
28,Laurella Pyvis,Pune,74524
29,Stevy Skep,Mysore,81098
30,Eliza Village,Mysore,33767
31,Zak Gossage,Mumbai,86854
32,Yurik Scutchings,Vizag,85029
33,Dalila Pietersma,Mysore,91238
34,Nolan Lattie,Mumbai,37408
35,Melody Antusch,Nagpur,87358
36,Klemens Roj,Bangalore,49097
37,Anastassia Topper,Pune,73208
38,Edsel Codron,Vizag,91719
39,Elie Freckelton,Pune,70364
40,Pete Kelle,Mysore,23790
41,Maynard Frean,Mumbai,21690
42,Roley Grevatt,Bangalore,47502
43,Euell Gwynne,Chennai,70555
44,Eleonora Hardcastle,Chennai,63522
45,Agna Haythorn,Mysore,90771
46,Gaye Barnwille,Pune,61102
47,Elspeth Kinane,Vizag,48789
48,Paulo Kairns,Mumbai,49912
49,Silvano Widdowfield,Bangalore,45646
50,Nanete Rault,Vizag,95661
51,Dana Margram,Chennai,22202
52,Phedra Rosten,Nagpur,82812
53,Mommy Creaser,Chennai,34370
54,Ronny Gammack,Hyderabad,58786
55,Elysha Klamp,Trivandrum,45424
56,Arlana Warratt,Mysore,63648
57,Kania Danks,Pune,82478
58,Hetti Eynald,Nagpur,66630
59,Germaine Asman,Pune,90900
60,Friedrich Beelby,Pune,26123
61,Baxy Loyns,Mumbai,38934
62,Hollyanne Pagitt,Hyderabad,48446
63,Catriona Tunstall,Hyderabad,73523
64,Astrid Chilver,Nagpur,57362
65,Cory Hearse,Pune,48788
66,Kit Dumbrall,Bangalore,26112
67,Rube Rentalll,Mysore,31278
68,Jamil Magwood,Nagpur,22901
69,Rufus Castiglioni,Nagpur,65253
70,Elvira Strick,Trivandrum,71273
71,Sydney Giroldi,Nagpur,72682
72,Tulley Happs,Pune,26569
73,Imelda Heather,Pune,92820
74,Brandise Figgess,Nagpur,37135
75,Sara-ann Castelain,Chennai,65659
76,Chad Beamont,Hyderabad,43889
77,Ximenez Ashleigh,Bangalore,45467
78,Marlin Toynbee,Pune,85864
79,Christal Iacovo,Bangalore,48758
80,Barnabe Cassedy,Mysore,89649
81,Hermie Deam,Pune,47813
82,Alick Glencrash,Mumbai,24019
83,Hunt Vasyanin,Nagpur,62343
84,Marney Book,Bangalore,48033
85,Carmelita Gofford,Mysore,22116
86,Nev Daniells,Vizag,86343
87,Harlen Witt,Hyderabad,47190
88,Fayre Stiebler,Chennai,31676
89,Ty Dillway,Chennai,65481
90,Allyn Thomke,Pune,75000
91,Fenelia Zamorano,Hyderabad,98743
92,Gerianna Autrie,Chennai,26708
93,Ara Minchin,Nagpur,37654
94,Roseanne Persitt,Nagpur,44112
95,Alfi Klaessen,Hyderabad,64617
96,Paulita Hinkes,Bangalore,29581
97,Hale Stollsteimer,Mumbai,34340
98,Wenona Sugars,Bangalore,47826
99,Ephraim Besset,Mumbai,36072
100,Myra Blaise,Mysore,72561
101,Kirsteni Ibeson,Hyderabad,63975
102,Torrence Angeau,Pune,87486
103,Justina Hopewell,Pune,69423
104,Louise Heasman,Pune,55733
105,Alex Binden,Chennai,34986
106,Shannon Oaten,Vizag,73638
107,Harold Mockford,Hyderabad,73055
108,Lonni Peakman,Pune,40154
109,Avril Picker,Trivandrum,63805
110,Nita Bettles,Vizag,79792
111,Nefen Hatherill,Mumbai,63163
112,Babita Wigg,Vizag,58749
113,Cullan Seller,Chennai,28516
114,Lucia Fechnie,Hyderabad,75707
115,Lindsey Baldoni,Nagpur,84354
116,Stern Berthod,Chennai,90441
117,Ruth Hobbema,Chennai,69761
118,Karleen Rogier,Trivandrum,96991
119,Colin Huggill,Mumbai,30058
120,Heindrick Habbijam,Mysore,56236
121,Ransell Acutt,Mysore,81227
122,Domenico Asel,Mumbai,20398
123,Moises Sprules,Hyderabad,78009
124,Ara Gauntley,Nagpur,37625
125,Tristam Scrimshaw,Hyderabad,62780
126,Bentlee Fiennes,Chennai,55832
127,Andrea Jeffs,Chennai,51678
128,Belicia Addlestone,Trivandrum,73686
129,Adan Duchesne,Vizag,27719
130,Sampson Fann,Hyderabad,92986
131,Dukie Talkington,Hyderabad,89821
132,Ethyl Otley,Mysore,99777
133,Daniella Brightman,Vizag,45008
134,Debera Barrell,Mumbai,23960
135,Cesar Gillopp,Vizag,86873
136,Deirdre Churching,Pune,24970
137,Hamid Castane,Chennai,60959
138,Deanna Instock,Pune,73938
139,Patricia Aseef,Nagpur,73406
140,Devlen Wakenshaw,Chennai,96881
141,Tabatha enzley,Mumbai,72798
142,Rice Guirau,Trivandrum,95780
143,Ange Fletcher,Vizag,51745
144,Timothea Minard,Hyderabad,95912
145,Joelly Phillpotts,Bangalore,89507
146,Emily Sawforde,Mumbai,55652
147,Elwyn Outlaw,Mumbai,31215
148,Allistir Ruusa,Bangalore,99791
149,Liana Hubberstey,Vizag,63587
150,Daffie Bernhard,Bangalore,78574
151,Nicola Carter,Mysore,57671
152,Gabie Blinckhorne,Mumbai,41172
153,Ramona Alston,Hyderabad,74525
154,Ania Geroldo,Vizag,32060
155,Claudetta Doleman,Chennai,32011
156,Nil Piercey,Hyderabad,30428
157,Ash Huntington,Bangalore,80209
158,Frederich Bartle,Bangalore,77359
159,Jillane Dessaur,Nagpur,33491
160,Christal Huggill,Hyderabad,50652
161,Chase Thornbarrow,Vizag,57035
162,Arda Pattisson,Trivandrum,70549
163,Ransell Doughill,Pune,85216
164,Donica Marklew,Trivandrum,70625
165,Weston Gaye,Vizag,46207
166,Shelby Brakewell,Pune,48008
167,Cristabel MacDuffie,Nagpur,41322
168,Issiah Pacheco,Hyderabad,60299
169,Margalo Flohard,Trivandrum,70974
170,Desmond Brownhall,Bangalore,56742
171,Agnesse Ziemsen,Mumbai,63834
172,Fred Chasles,Pune,46542
173,Sadella Taylerson,Pune,58011
174,Royal Olenov,Trivandrum,55277
175,Hillary McLugaish,Vizag,67981
176,Curry Gartland,Pune,24835
177,Gill Lumby,Chennai,50205
178,Sloan Bohlin,Pune,34023
179,Federico Olliff,Pune,41949
180,Tory Tilney,Bangalore,94012
181,Doretta Glowinski,Pune,60108
182,Rica Bausor,Hyderabad,33298
183,Sebastiano Epdell,Bangalore,58087
184,Catrina Tillett,Bangalore,85591
185,Gun Fleckness,Bangalore,25227
186,Ruggiero Attenborrow,Pune,24605
187,Gregor Faunch,Mumbai,96569
188,Kort Garrould,Mumbai,41533
189,Alvie Demageard,Mysore,93414
190,Gabriel O'Carran,Bangalore,24647
191,Ag Collacombe,Trivandrum,58041
192,Thurstan Hedgecock,Mumbai,87408
193,Amberly Vaz,Nagpur,59438
194,Gawen Hissie,Trivandrum,56853
195,Allsun Proven,Trivandrum,56235
196,Bibbye Abbison,Bangalore,46313
197,Phaedra Boys,Mumbai,27297
198,Marco Siret,Bangalore,76318
199,Wilone Dickin,Chennai,39574
200,Amalita Bradborne,Vizag,30420
201,Kean Crotty,Bangalore,32790
202,Georas Crumly,Nagpur,32819
203,Quinta Neesham,Pune,97539
204,Tan Carpmile,Mumbai,87186
205,Isabeau Thoma,Nagpur,30324
206,Aldo Noseworthy,Hyderabad,79443
207,Simon Kewzick,Hyderabad,98578
208,Alic Roder,Pune,88467
209,Dene Pontefract,Pune,83487
210,Hedvige Giscken,Vizag,21217
211,Enrique Symmons,Bangalore,42218
212,Jules Leiden,Chennai,67404
213,Judon Peerman,Nagpur,98693
214,Lexis Lyburn,Hyderabad,26297
215,Melina Swyer-Sexey,Bangalore,26691
216,Deny Foy,Mysore,71827
217,Terrye Canizares,Nagpur,88653
218,Dwayne Unworth,Pune,75854
219,Giuseppe McFade,Bangalore,38925
220,Marketa Reuter,Mysore,44625
221,Clarette McClaren,Mumbai,50167
222,Berry Cordeux,Chennai,39676
223,Keven Kop,Trivandrum,23600
224,Reinhard de Amaya,Bangalore,49022
225,Myranda Deerness,Bangalore,23230
226,Claiborn Brooks,Mumbai,34576
227,Diane-marie Fausset,Vizag,33238
228,Christiano Colleton,Chennai,27507
229,Enrichetta Heyns,Nagpur,89447
230,Dalston Kensit,Nagpur,81966
231,Binni MacAnellye,Chennai,35044
232,Sabrina Ansill,Trivandrum,65656
233,Billye Goward,Chennai,92014
234,Chrisy Chisholm,Mumbai,24085
235,Weylin Dressel,Pune,85345
236,Daloris Coffey,Pune,61041
237,Aldrich Biaggioli,Bangalore,52735
238,Sybil Gilby,Trivandrum,40057
239,Glen Brislawn,Vizag,94119
240,Nell Losemann,Nagpur,28664
241,Florian Sweetzer,Mysore,61466
242,Mirabel Tregidgo,Chennai,93152
243,Melisse Coutthart,Pune,34926
244,Tobe Gerhardt,Nagpur,60408
245,Constantin Kobpac,Bangalore,47751
246,Pattie Markovich,Bangalore,44176
247,Stacee Siene,Chennai,23320
248,Alfredo Sandars,Vizag,45973
249,Arlene Jarrel,Trivandrum,44657
250,Madella Browncey,Pune,74069
251,Frederik Mainstone,Bangalore,74364
252,Almire Buzine,Vizag,95599
253,Tamera Sorrill,Hyderabad,61943
254,Maddalena Diess,Mysore,30871
255,Quincey Paler,Nagpur,33760
256,Sidoney Ringrose,Mumbai,71893
257,Rhona Beesey,Chennai,35210
258,Angelika Shields,Mysore,40224
259,Wittie Burkinshaw,Pune,31575
260,Free Preshaw,Hyderabad,75335
261,Ronalda Lethieulier,Pune,70816
262,Vonnie Kelley,Vizag,51773
263,Opalina Chatelain,Mysore,80983
264,Nada Fitchell,Mysore,76253
265,Edythe Jensen,Trivandrum,82495
266,Hatty Richarson,Chennai,50497
267,Malorie Missington,Hyderabad,61316
268,Marion Pear,Nagpur,92468
269,Kim Pierson,Mysore,90831
270,Angeli O'Dooghaine,Nagpur,28278
271,Ollie Ortet,Trivandrum,21747
272,Renae Fowler,Mumbai,70455
273,Danica Handy,Trivandrum,52793
274,Lynn Blundel,Bangalore,31273
275,Sherwood Le Lievre,Pune,47487
276,Hayley Egiloff,Trivandrum,56503
277,Filmer Boston,Hyderabad,55891
278,Angelina Dack,Mysore,49690
279,Jamill O'Hederscoll,Hyderabad,48850
280,Addia Dymott,Pune,83302
281,Caddric M'Barron,Mumbai,62325
282,Leonelle Muggeridge,Nagpur,78334
283,Michal Di Gregorio,Hyderabad,28302
284,Devinne Van Hesteren,Vizag,67077
285,Dur Fawdrie,Trivandrum,46653
286,Samuele Thorsen,Hyderabad,74675
287,Lemuel Wilson,Chennai,36097
288,Dianna Bushby,Vizag,56550
289,Genvieve McReath,Mumbai,44171
290,Margie Irlam,Pune,36530
291,Hollie Zapater,Mysore,33903
292,Kizzie Reidshaw,Trivandrum,58701
293,Bat De Gregorio,Pune,81902
294,Roderick Caudrelier,Bangalore,60863
295,Yancy Dennerly,Vizag,47674
296,Jere Blaby,Mysore,95451
297,Jules Duckit,Chennai,62355
298,Annadiane Whitney,Nagpur,58117
299,Sly Stokoe,Nagpur,83780
300,Ralph McPaike,Mumbai,99816
301,Guss Schachter,Mumbai,61660
302,Muriel Theis,Hyderabad,44298
303,Guido Titterington,Hyderabad,31575
304,Obediah Pauls,Hyderabad,54635
305,Natka Haliday,Mysore,51724
306,Caron Emmerson,Trivandrum,89224
307,Marge Garratt,Vizag,69986
308,Ainslee McMichan,Trivandrum,98569
309,Renae Puckham,Nagpur,37949
310,Martelle Podd,Trivandrum,44933
311,Barret Gibling,Trivandrum,90775
312,Lexi Coombs,Chennai,37021
313,Marni Pacht,Nagpur,26488
314,Barnett Rushton,Mysore,40206
315,Bartie Murrum,Trivandrum,48431
316,Zachery Robbins,Hyderabad,91980
317,Cooper Venneur,Trivandrum,78088
318,Lianna Bendixen,Bangalore,86839
319,Indira Rosengart,Bangalore,91705
320,Blinny Jobbins,Chennai,76097
321,Ferdinand Maslen,Vizag,73478
322,Nil Holdforth,Mysore,93363
323,Cecilia Dibden,Vizag,83133
324,Dominick Fortnon,Vizag,24453
325,Gwenora McTerry,Nagpur,60492
326,Helyn Dimbylow,Bangalore,48792
327,Madelina Milesop,Chennai,21622
328,Stanford Macauley,Vizag,45560
329,Genevra Thirlwall,Vizag,32987
330,Nellie Presslie,Nagpur,33968
331,Craig Jewes,Bangalore,63081
332,Maurits Shipman,Chennai,80884
333,Athene Ohlsen,Bangalore,85083
334,Tana Bracci,Vizag,53466
335,Chelsie Pierpoint,Trivandrum,23830
336,Hadria Gormally,Mysore,74457
337,Rochella Farres,Hyderabad,94642
338,Sapphira Leemans,Bangalore,31122
339,Smith Stickells,Nagpur,86477
340,Pet Gong,Pune,56875
341,Malcolm Isaksson,Vizag,99618
342,Jemmy Hurley,Trivandrum,29924
343,Alexander Salt,Nagpur,23165
344,Tris Zannetti,Pune,81976
345,Herve Belli,Mumbai,21800
346,Ivy Echalie,Bangalore,31683
347,Bethanne Medlicott,Mysore,72424
348,Gerta Killeley,Hyderabad,43689
349,Jacob Hamal,Vizag,22722
350,Carr Custy,Mumbai,32295
351,Wadsworth Leishman,Mumbai,86567
352,Corbie Roberti,Chennai,32418
353,Tabby Conn,Nagpur,40598
354,Ivor Whines,Trivandrum,33711
355,Upton Bittlestone,Bangalore,82193
356,Orel Orta,Pune,61741
357,Hyman Whitloe,Mumbai,69683
358,Fredrika Tune,Mysore,94268
359,Johny Yearsley,Chennai,81879
360,Kath Wakefield,Mumbai,38466
361,Aldwin Gianetti,Chennai,48620
362,Magda Currier,Mumbai,44238
363,Diego Fellenor,Nagpur,89028
364,Rafaellle Horry,Hyderabad,36123
365,Puff Dudding,Nagpur,84571
366,Lotty Jackson,Nagpur,22057
367,Dale Adamides,Vizag,20489
368,Andrew Ferrier,Bangalore,85000
369,Lesly Fuentes,Mysore,56938
370,Isobel Turford,Chennai,23415
371,Nicholle Vieyra,Hyderabad,20565
372,Ross Olivari,Pune,87181
373,Willey Rawsthorn,Mysore,88119
374,Nonna Eadmeads,Chennai,45241
375,Murdoch Cuckoo,Trivandrum,39486
376,Hugues Tomblett,Chennai,86276
377,Fara Gwatkins,Mysore,49292
378,Dianemarie Catcheside,Hyderabad,70030
379,Cornelia Hoble,Mysore,61272
380,Morly Dooley,Mumbai,80482
381,Reidar Sproat,Trivandrum,54219
382,Sutherland Farreil,Vizag,75923
383,Venita Kenwyn,Nagpur,82928
384,Flossy Maudsley,Mumbai,64411
385,Mano Pursey,Vizag,58076
386,Johan Junkinson,Pune,83906
387,Olivier Reboul,Chennai,71213
388,Zaccaria Ballentime,Pune,45876
389,Antonius Symper,Pune,62190
390,Grete Kilmaster,Bangalore,63991
391,Sibel Gall,Chennai,46556
392,Bowie Crichley,Pune,59897
393,Crin McQuilkin,Bangalore,23531
394,Cinderella Swait,Pune,34716
395,Dav Kikke,Nagpur,21671
396,Ellis Stonelake,Vizag,80998
397,Justino Skillen,Vizag,81314
398,Teddy Illingworth,Hyderabad,45273
399,Adi Albertson,Nagpur,97412
400,Arabele Poulson,Mumbai,39554
401,Erik Buchan,Chennai,22237
402,Levon Pessel,Vizag,69161
403,Cassi Redmayne,Mysore,38191
404,Wilfrid Fishburn,Hyderabad,91495
405,Edie Betty,Nagpur,86576
406,Marty Jeffers,Mysore,30677
407,Reggi Woollin,Chennai,69278
408,Vail Akehurst,Hyderabad,48639
409,Peg Nesbit,Vizag,56936
410,Bald Mash,Mumbai,32607
411,Allard Muncie,Bangalore,26466
412,Bendite Agneau,Trivandrum,36461
413,Dwain Spacie,Nagpur,30451
414,Augustin Oleszkiewicz,Bangalore,54394
415,Dallis Lovie,Hyderabad,67641
416,Keslie Matthew,Vizag,52351
417,Paulita Swyne,Trivandrum,87484
418,Bill Philippeaux,Vizag,21497
419,Mal Huitt,Vizag,57970
420,Westley Tirrell,Chennai,40177
421,Diana Snowball,Mumbai,63825
422,Christyna MacNeill,Nagpur,28699
423,Alfonso Gouinlock,Vizag,72124
424,Roosevelt Hamshaw,Nagpur,80741
425,Greggory Cossington,Pune,85280
426,Wyn Matushevitz,Nagpur,36140
427,Barbe Larrington,Hyderabad,30449
428,Yorgo Lamlin,Pune,98903
429,Rafaellle Bwye,Pune,31025
430,Torry Blumer,Mysore,42839
431,Lyell Stenyng,Chennai,42283
432,Graehme Richens,Mumbai,77704
433,Casey Straine,Pune,95976
434,Leroy Metzing,Mumbai,59967
435,Leanora Begwell,Pune,28005
436,Cristen Warn,Pune,91843
437,Charla Blanking,Nagpur,83190
438,Celle Camilleri,Vizag,67721
439,Saunders Beaven,Mysore,38007
440,Carmel Willets,Mumbai,85612
441,Bernice Ebi,Chennai,82964
442,Olympe Audas,Vizag,51702
443,Alexine Christofides,Hyderabad,59881
444,Mord Yakov,Vizag,63517
445,Percival Welbourn,Nagpur,68970
446,Kristo Fayne,Mysore,25369
447,Thorn Brandenburg,Trivandrum,49071
448,Vernice Lackington,Bangalore,63001
449,Claus Fried,Mumbai,81626
450,Tisha Couchman,Chennai,20659
451,Mendy Ebertz,Mumbai,48321
452,Umeko McCathy,Nagpur,74717
453,Stacia Fishlee,Chennai,38491
454,Cacilie McCurdy,Pune,42827
455,Julieta Bache,Vizag,59745
456,Gertrudis Bennellick,Mysore,34619
457,Marthe Tacker,Vizag,20407
458,Matthew Commander,Hyderabad,22000
459,Bellanca Fairhead,Trivandrum,47657
460,Arch Argont,Chennai,82170
461,Kary Mannagh,Pune,86099
462,Bogey Congreave,Bangalore,71169
463,Bernardine Carnduff,Mumbai,85220
464,Melba Butland,Bangalore,30524
465,Kellyann Bolderson,Chennai,59633
466,Willard Frarey,Bangalore,20908
467,Hobard Paule,Mysore,65098
468,Earl Eminson,Chennai,69196
469,Myrlene Flament,Hyderabad,60269
470,Ramsey Harlock,Nagpur,51901
471,Delbert Casson,Vizag,95460
472,Lotta Inchan,Vizag,65983
473,Fraser Elvey,Pune,65732
474,Kalle Mecchi,Chennai,53377
475,Adela Phoebe,Trivandrum,55399
476,Jilli Zisneros,Mysore,76963
477,Artemas Whenman,Mumbai,49900
478,Yasmin Bette,Mumbai,56464
479,Stoddard Yonnie,Trivandrum,45742
480,Rollie Holtham,Hyderabad,33261
481,Hilde Ughini,Hyderabad,92259
482,Eada Staziker,Mysore,54482
483,Normy Harken,Trivandrum,91362
484,Cly Henworth,Vizag,33591
485,Gasper Mechem,Vizag,83409
486,Joyann Whopples,Mumbai,28584
487,Jules Shuard,Vizag,82977
488,Fanya Gillings,Mysore,40460
489,Sergeant Gatteridge,Vizag,72368
490,Betteanne Forcer,Nagpur,90758
491,Parsifal Beinisch,Bangalore,51011
492,Ellette McEneny,Mumbai,29332
493,Andy Berzins,Vizag,73806
494,Lyell Gosnay,Trivandrum,38961
495,Emmaline Fantham,Mysore,70411
496,Brittaney Ragdale,Vizag,33273
497,Benji Di Biasi,Trivandrum,86607
498,Lurline Grievson,Nagpur,69695
499,Cam Beavon,Chennai,57518
500,Cristian Taphouse,Chennai,89937
